
-- ----------------------------
-- Records of tb_sys_account
-- ----------------------------
INSERT INTO `tb_sys_account` (`id`, `dept_id`, `tenant_id`, `login_name`, `password`, `account_type`, `nickname`, `mobile`, `email`, `avatar`, `status`, `created`, `created_by`, `modified`, `modified_by`, `remark`) VALUES (1, 1, 1000000, 'admin', '$2a$10$mni2UdHMUwomVzvZtdECAOwYJevZ2z48ApO.JSVhyEaQ/AOKr4VP2', 99, '超级管理员', '15555555555', 'bbb@qq.com', 'https://static.agentscenter.cn/public/1/2025/12/17/684ea528-8e42-489c-b254-4e52e0679431/b.jpeg', 1, '2025-06-06 11:32:21', 1, '2025-12-17 17:51:16', 1, '');

-- ----------------------------
-- Records of tb_sys_account_role
-- ----------------------------
INSERT INTO `tb_sys_account_role` (`id`, `account_id`, `role_id`) VALUES (302654483522224128, 1, 1);

-- ----------------------------
-- Records of tb_sys_dept
-- ----------------------------
INSERT INTO `tb_sys_dept` (`id`, `tenant_id`, `parent_id`, `ancestors`, `dept_name`, `dept_code`, `sort_no`, `status`, `created`, `created_by`, `modified`, `modified_by`, `remark`) VALUES (1, 1000000, 0, '0', '总公司', 'root_dept', 0, 1, '2025-03-17 09:09:57', 1, '2025-03-17 09:10:00', 1, '');

-- ----------------------------
-- Records of tb_sys_menu
-- ----------------------------
INSERT INTO `tb_sys_menu` (`id`, `parent_id`, `menu_type`, `menu_title`, `menu_url`, `component`, `menu_icon`, `is_show`, `permission_tag`, `sort_no`, `status`, `created`, `created_by`, `modified`, `modified_by`, `remark`) VALUES (183724390000000001, 258052082618335232, 0, 'menus.system.sysPosition', '/sys/sysPosition', '/system/sysPosition/SysPositionList', 'svg:position', 1, '', 100, 1, '2026-01-05 09:07:06', 0, '2026-01-05 09:12:37', 1, '岗位管理菜单');
INSERT INTO `tb_sys_menu` (`id`, `parent_id`, `menu_type`, `menu_title`, `menu_url`, `component`, `menu_icon`, `is_show`, `permission_tag`, `sort_no`, `status`, `created`, `created_by`, `modified`, `modified_by`, `remark`) VALUES (183724390000000002, 183724390000000001, 1, '查询', '', '', '', 0, '/api/v1/sysPosition/query', 100, 1, '2026-01-05 09:07:06', 0, '2026-01-05 09:07:06', 0, '岗位管理-查询');
INSERT INTO `tb_sys_menu` (`id`, `parent_id`, `menu_type`, `menu_title`, `menu_url`, `component`, `menu_icon`, `is_show`, `permission_tag`, `sort_no`, `status`, `created`, `created_by`, `modified`, `modified_by`, `remark`) VALUES (183724390000000003, 183724390000000001, 1, '保存', '', '', '', 0, '/api/v1/sysPosition/save', 101, 1, '2026-01-05 09:07:06', 0, '2026-01-05 09:07:06', 0, '岗位管理-保存');
INSERT INTO `tb_sys_menu` (`id`, `parent_id`, `menu_type`, `menu_title`, `menu_url`, `component`, `menu_icon`, `is_show`, `permission_tag`, `sort_no`, `status`, `created`, `created_by`, `modified`, `modified_by`, `remark`) VALUES (183724390000000004, 183724390000000001, 1, '删除', '', '', '', 0, '/api/v1/sysPosition/remove', 102, 1, '2026-01-05 09:07:06', 0, '2026-01-05 09:07:06', 0, '岗位管理-删除');
INSERT INTO `tb_sys_menu` (`id`, `parent_id`, `menu_type`, `menu_title`, `menu_url`, `component`, `menu_icon`, `is_show`, `permission_tag`, `sort_no`, `status`, `created`, `created_by`, `modified`, `modified_by`, `remark`) VALUES (258052082618335232, 0, 0, 'menus.system.title', '/sys', '', 'ant-design:appstore-outlined', 1, '', 200, 0, '2025-03-14 15:07:51', 1, '2025-12-02 13:39:37', 1, '');
INSERT INTO `tb_sys_menu` (`id`, `parent_id`, `menu_type`, `menu_title`, `menu_url`, `component`, `menu_icon`, `is_show`, `permission_tag`, `sort_no`, `status`, `created`, `created_by`, `modified`, `modified_by`, `remark`) VALUES (258052774330368000, 258052082618335232, 0, 'menus.system.sysAccount', '/sys/sysAccount', '/system/sysAccount/SysAccountList', 'svg:account', 1, '', 0, 0, '2025-03-14 15:10:36', 1, '2025-12-25 16:49:03', 1, '');
INSERT INTO `tb_sys_menu` (`id`, `parent_id`, `menu_type`, `menu_title`, `menu_url`, `component`, `menu_icon`, `is_show`, `permission_tag`, `sort_no`, `status`, `created`, `created_by`, `modified`, `modified_by`, `remark`) VALUES (258075705244676096, 258052082618335232, 0, 'menus.system.sysRole', '/sys/sysRole', '/system/sysRole/SysRoleList', 'svg:role', 1, '', 11, 0, '2025-03-14 16:41:43', 1, '2025-12-25 16:49:10', 1, '');
INSERT INTO `tb_sys_menu` (`id`, `parent_id`, `menu_type`, `menu_title`, `menu_url`, `component`, `menu_icon`, `is_show`, `permission_tag`, `sort_no`, `status`, `created`, `created_by`, `modified`, `modified_by`, `remark`) VALUES (258075850434703360, 258052082618335232, 0, 'menus.system.sysMenu', '/sys/sysMenu', '/system/sysMenu/SysMenuList', 'svg:menu', 1, '', 21, 0, '2025-03-14 16:42:18', 1, '2025-12-25 16:49:23', 1, '');
INSERT INTO `tb_sys_menu` (`id`, `parent_id`, `menu_type`, `menu_title`, `menu_url`, `component`, `menu_icon`, `is_show`, `permission_tag`, `sort_no`, `status`, `created`, `created_by`, `modified`, `modified_by`, `remark`) VALUES (259048038847483904, 258052082618335232, 0, 'menus.system.sysDept', '/sys/sysDept', '/system/sysDept/SysDeptList', 'svg:department', 1, '', 31, 0, '2025-03-17 09:05:25', 1, '2025-12-25 16:49:41', 1, '');
INSERT INTO `tb_sys_menu` (`id`, `parent_id`, `menu_type`, `menu_title`, `menu_url`, `component`, `menu_icon`, `is_show`, `permission_tag`, `sort_no`, `status`, `created`, `created_by`, `modified`, `modified_by`, `remark`) VALUES (259168916721754112, 258052082618335232, 0, 'menus.settings.settingsConfig', '/sys/settings', '/config/settings/Settings', 'svg:setting', 1, '', 12, 0, '2025-03-17 17:05:45', 1, '2025-12-26 11:17:36', 1, '');
INSERT INTO `tb_sys_menu` (`id`, `parent_id`, `menu_type`, `menu_title`, `menu_url`, `component`, `menu_icon`, `is_show`, `permission_tag`, `sort_no`, `status`, `created`, `created_by`, `modified`, `modified_by`, `remark`) VALUES (259169318720626688, 258052082618335232, 0, 'menus.system.sysLog', '/sys/logs', '/system/sysLog/SysLogList', 'svg:log', 1, '', 61, 0, '2025-03-17 17:07:21', 1, '2025-12-25 16:49:59', 1, '');
INSERT INTO `tb_sys_menu` (`id`, `parent_id`, `menu_type`, `menu_title`, `menu_url`, `component`, `menu_icon`, `is_show`, `permission_tag`, `sort_no`, `status`, `created`, `created_by`, `modified`, `modified_by`, `remark`) VALUES (259169837824466944, 259169540360232960, 0, 'menus.ai.bots', '/ai/bots', '/ai/bots/index', 'svg:talk', 1, '', 11, 0, '2025-03-17 17:09:24', 1, '2026-01-06 10:46:41', 1, '');
INSERT INTO `tb_sys_menu` (`id`, `parent_id`, `menu_type`, `menu_title`, `menu_url`, `component`, `menu_icon`, `is_show`, `permission_tag`, `sort_no`, `status`, `created`, `created_by`, `modified`, `modified_by`, `remark`) VALUES (259169982154661888, 0, 0, 'menus.ai.plugin', '/ai/plugin', '/ai/plugin/Plugin', 'svg:plugin', 1, '', 21, 0, '2025-03-17 17:09:59', 1, '2025-12-26 11:14:29', 1, '');
INSERT INTO `tb_sys_menu` (`id`, `parent_id`, `menu_type`, `menu_title`, `menu_url`, `component`, `menu_icon`, `is_show`, `permission_tag`, `sort_no`, `status`, `created`, `created_by`, `modified`, `modified_by`, `remark`) VALUES (259170117110587392, 0, 0, 'menus.ai.workflow', '/ai/workflow', '/ai/workflow/WorkflowList', 'svg:workflow', 1, '', 31, 0, '2025-03-17 17:10:31', 1, '2025-12-26 11:35:41', 1, '');
INSERT INTO `tb_sys_menu` (`id`, `parent_id`, `menu_type`, `menu_title`, `menu_url`, `component`, `menu_icon`, `is_show`, `permission_tag`, `sort_no`, `status`, `created`, `created_by`, `modified`, `modified_by`, `remark`) VALUES (259170422338478080, 0, 0, 'menus.ai.documentCollection', '/ai/documentCollection', '/ai/documentCollection/DocumentCollection', 'svg:knowledge', 1, '', 51, 0, '2025-03-17 17:11:44', 1, '2025-12-26 11:14:42', 1, '');
INSERT INTO `tb_sys_menu` (`id`, `parent_id`, `menu_type`, `menu_title`, `menu_url`, `component`, `menu_icon`, `is_show`, `permission_tag`, `sort_no`, `status`, `created`, `created_by`, `modified`, `modified_by`, `remark`) VALUES (259170538264846336, 0, 0, 'menus.ai.model', '/ai/model', '/ai/model/Model', 'svg:llm', 1, '', 61, 0, '2025-03-17 17:12:11', 1, '2025-12-26 11:15:16', 1, '');
INSERT INTO `tb_sys_menu` (`id`, `parent_id`, `menu_type`, `menu_title`, `menu_url`, `component`, `menu_icon`, `is_show`, `permission_tag`, `sort_no`, `status`, `created`, `created_by`, `modified`, `modified_by`, `remark`) VALUES (270761213536096256, 258052082618335232, 0, 'menus.settings.apiKey', '/sys/sysApiKey', '/config/apikey/SysApiKey', 'svg:api', 1, '', 22, 0, '2025-04-18 16:49:24', 1, '2025-12-26 11:17:49', 1, '');
INSERT INTO `tb_sys_menu` (`id`, `parent_id`, `menu_type`, `menu_title`, `menu_url`, `component`, `menu_icon`, `is_show`, `permission_tag`, `sort_no`, `status`, `created`, `created_by`, `modified`, `modified_by`, `remark`) VALUES (282254669269082112, 258052082618335232, 0, 'menus.system.sysJob', '/sys/sysJob', '/system/sysJob/SysJobList', 'svg:time', 1, '', 53, 0, '2025-05-20 10:00:17', 1, '2025-12-25 16:49:50', 1, '');
INSERT INTO `tb_sys_menu` (`id`, `parent_id`, `menu_type`, `menu_title`, `menu_url`, `component`, `menu_icon`, `is_show`, `permission_tag`, `sort_no`, `status`, `created`, `created_by`, `modified`, `modified_by`, `remark`) VALUES (298243919118950400, 258052774330368000, 1, '查询', '', '', '', 0, '/api/v1/sysAccount/query', 1, 0, '2025-07-03 12:55:51', 1, '2025-07-03 12:55:51', 1, 'gen');
INSERT INTO `tb_sys_menu` (`id`, `parent_id`, `menu_type`, `menu_title`, `menu_url`, `component`, `menu_icon`, `is_show`, `permission_tag`, `sort_no`, `status`, `created`, `created_by`, `modified`, `modified_by`, `remark`) VALUES (298243919727124480, 258052774330368000, 1, '保存', '', '', '', 0, '/api/v1/sysAccount/save', 1, 0, '2025-07-03 12:55:51', 1, '2025-07-03 12:55:51', 1, 'gen');
INSERT INTO `tb_sys_menu` (`id`, `parent_id`, `menu_type`, `menu_title`, `menu_url`, `component`, `menu_icon`, `is_show`, `permission_tag`, `sort_no`, `status`, `created`, `created_by`, `modified`, `modified_by`, `remark`) VALUES (298243920205275136, 258052774330368000, 1, '删除', '', '', '', 0, '/api/v1/sysAccount/remove', 1, 0, '2025-07-03 12:55:51', 1, '2025-07-03 12:55:51', 1, 'gen');
INSERT INTO `tb_sys_menu` (`id`, `parent_id`, `menu_type`, `menu_title`, `menu_url`, `component`, `menu_icon`, `is_show`, `permission_tag`, `sort_no`, `status`, `created`, `created_by`, `modified`, `modified_by`, `remark`) VALUES (298243920679231488, 258075705244676096, 1, '查询', '', '', '', 0, '/api/v1/sysRole/query', 1, 0, '2025-07-03 12:55:52', 1, '2025-07-03 12:55:52', 1, 'gen');
INSERT INTO `tb_sys_menu` (`id`, `parent_id`, `menu_type`, `menu_title`, `menu_url`, `component`, `menu_icon`, `is_show`, `permission_tag`, `sort_no`, `status`, `created`, `created_by`, `modified`, `modified_by`, `remark`) VALUES (298243921161576448, 258075705244676096, 1, '保存', '', '', '', 0, '/api/v1/sysRole/save', 1, 0, '2025-07-03 12:55:52', 1, '2025-07-03 12:55:52', 1, 'gen');
INSERT INTO `tb_sys_menu` (`id`, `parent_id`, `menu_type`, `menu_title`, `menu_url`, `component`, `menu_icon`, `is_show`, `permission_tag`, `sort_no`, `status`, `created`, `created_by`, `modified`, `modified_by`, `remark`) VALUES (298243921639727104, 258075705244676096, 1, '删除', '', '', '', 0, '/api/v1/sysRole/remove', 1, 0, '2025-07-03 12:55:52', 1, '2025-07-03 12:55:52', 1, 'gen');
INSERT INTO `tb_sys_menu` (`id`, `parent_id`, `menu_type`, `menu_title`, `menu_url`, `component`, `menu_icon`, `is_show`, `permission_tag`, `sort_no`, `status`, `created`, `created_by`, `modified`, `modified_by`, `remark`) VALUES (298243922155626496, 258075850434703360, 1, '查询', '', '', '', 0, '/api/v1/sysMenu/query', 1, 0, '2025-07-03 12:55:52', 1, '2025-07-03 12:55:52', 1, 'gen');
INSERT INTO `tb_sys_menu` (`id`, `parent_id`, `menu_type`, `menu_title`, `menu_url`, `component`, `menu_icon`, `is_show`, `permission_tag`, `sort_no`, `status`, `created`, `created_by`, `modified`, `modified_by`, `remark`) VALUES (298243922637971456, 258075850434703360, 1, '保存', '', '', '', 0, '/api/v1/sysMenu/save', 1, 0, '2025-07-03 12:55:52', 1, '2025-07-03 12:55:52', 1, 'gen');
INSERT INTO `tb_sys_menu` (`id`, `parent_id`, `menu_type`, `menu_title`, `menu_url`, `component`, `menu_icon`, `is_show`, `permission_tag`, `sort_no`, `status`, `created`, `created_by`, `modified`, `modified_by`, `remark`) VALUES (298243923116122112, 258075850434703360, 1, '删除', '', '', '', 0, '/api/v1/sysMenu/remove', 1, 0, '2025-07-03 12:55:52', 1, '2025-07-03 12:55:52', 1, 'gen');
INSERT INTO `tb_sys_menu` (`id`, `parent_id`, `menu_type`, `menu_title`, `menu_url`, `component`, `menu_icon`, `is_show`, `permission_tag`, `sort_no`, `status`, `created`, `created_by`, `modified`, `modified_by`, `remark`) VALUES (298243923627827200, 259048038847483904, 1, '查询', '', '', '', 0, '/api/v1/sysDept/query', 1, 0, '2025-07-03 12:55:52', 1, '2025-07-03 12:55:52', 1, 'gen');
INSERT INTO `tb_sys_menu` (`id`, `parent_id`, `menu_type`, `menu_title`, `menu_url`, `component`, `menu_icon`, `is_show`, `permission_tag`, `sort_no`, `status`, `created`, `created_by`, `modified`, `modified_by`, `remark`) VALUES (298243924105977856, 259048038847483904, 1, '保存', '', '', '', 0, '/api/v1/sysDept/save', 1, 0, '2025-07-03 12:55:52', 1, '2025-07-03 12:55:52', 1, 'gen');
INSERT INTO `tb_sys_menu` (`id`, `parent_id`, `menu_type`, `menu_title`, `menu_url`, `component`, `menu_icon`, `is_show`, `permission_tag`, `sort_no`, `status`, `created`, `created_by`, `modified`, `modified_by`, `remark`) VALUES (298243924571545600, 259048038847483904, 1, '删除', '', '', '', 0, '/api/v1/sysDept/remove', 1, 0, '2025-07-03 12:55:52', 1, '2025-07-03 12:55:52', 1, 'gen');
INSERT INTO `tb_sys_menu` (`id`, `parent_id`, `menu_type`, `menu_title`, `menu_url`, `component`, `menu_icon`, `is_show`, `permission_tag`, `sort_no`, `status`, `created`, `created_by`, `modified`, `modified_by`, `remark`) VALUES (298243926450593792, 259168916721754112, 1, '查询', '', '', '', 0, '/api/v1/sysOption/query', 1, 0, '2025-07-03 12:55:53', 1, '2025-07-03 12:55:53', 1, 'gen');
INSERT INTO `tb_sys_menu` (`id`, `parent_id`, `menu_type`, `menu_title`, `menu_url`, `component`, `menu_icon`, `is_show`, `permission_tag`, `sort_no`, `status`, `created`, `created_by`, `modified`, `modified_by`, `remark`) VALUES (298243926920355840, 259168916721754112, 1, '保存', '', '', '', 0, '/api/v1/sysOption/save', 1, 0, '2025-07-03 12:55:53', 1, '2025-07-03 12:55:53', 1, 'gen');
INSERT INTO `tb_sys_menu` (`id`, `parent_id`, `menu_type`, `menu_title`, `menu_url`, `component`, `menu_icon`, `is_show`, `permission_tag`, `sort_no`, `status`, `created`, `created_by`, `modified`, `modified_by`, `remark`) VALUES (298243927385923584, 259168916721754112, 1, '删除', '', '', '', 0, '/api/v1/sysOption/remove', 1, 0, '2025-07-03 12:55:53', 1, '2025-07-03 12:55:53', 1, 'gen');
INSERT INTO `tb_sys_menu` (`id`, `parent_id`, `menu_type`, `menu_title`, `menu_url`, `component`, `menu_icon`, `is_show`, `permission_tag`, `sort_no`, `status`, `created`, `created_by`, `modified`, `modified_by`, `remark`) VALUES (298243929294331904, 259169318720626688, 1, '查询', '', '', '', 0, '/api/v1/sysLog/query', 1, 0, '2025-07-03 12:55:54', 1, '2025-07-03 12:55:54', 1, 'gen');
INSERT INTO `tb_sys_menu` (`id`, `parent_id`, `menu_type`, `menu_title`, `menu_url`, `component`, `menu_icon`, `is_show`, `permission_tag`, `sort_no`, `status`, `created`, `created_by`, `modified`, `modified_by`, `remark`) VALUES (298243929755705344, 259169318720626688, 1, '保存', '', '', '', 0, '/api/v1/sysLog/save', 1, 0, '2025-07-03 12:55:54', 1, '2025-07-03 12:55:54', 1, 'gen');
INSERT INTO `tb_sys_menu` (`id`, `parent_id`, `menu_type`, `menu_title`, `menu_url`, `component`, `menu_icon`, `is_show`, `permission_tag`, `sort_no`, `status`, `created`, `created_by`, `modified`, `modified_by`, `remark`) VALUES (298243930225467392, 259169318720626688, 1, '删除', '', '', '', 0, '/api/v1/sysLog/remove', 1, 0, '2025-07-03 12:55:54', 1, '2025-07-03 12:55:54', 1, 'gen');
INSERT INTO `tb_sys_menu` (`id`, `parent_id`, `menu_type`, `menu_title`, `menu_url`, `component`, `menu_icon`, `is_show`, `permission_tag`, `sort_no`, `status`, `created`, `created_by`, `modified`, `modified_by`, `remark`) VALUES (298243932104515584, 259169837824466944, 1, '查询', '', '', '', 0, '/api/v1/bot/query', 1, 0, '2025-07-03 12:55:55', 1, '2025-11-20 16:10:04', 1, 'gen');
INSERT INTO `tb_sys_menu` (`id`, `parent_id`, `menu_type`, `menu_title`, `menu_url`, `component`, `menu_icon`, `is_show`, `permission_tag`, `sort_no`, `status`, `created`, `created_by`, `modified`, `modified_by`, `remark`) VALUES (298243932607832064, 259169837824466944, 1, '保存', '', '', '', 0, '/api/v1/bot/save', 1, 0, '2025-07-03 12:55:55', 1, '2025-07-03 12:55:55', 1, 'gen');
INSERT INTO `tb_sys_menu` (`id`, `parent_id`, `menu_type`, `menu_title`, `menu_url`, `component`, `menu_icon`, `is_show`, `permission_tag`, `sort_no`, `status`, `created`, `created_by`, `modified`, `modified_by`, `remark`) VALUES (298243933077594112, 259169837824466944, 1, '删除', '', '', '', 0, '/api/v1/bot/remove', 1, 0, '2025-07-03 12:55:55', 1, '2025-07-03 12:55:55', 1, 'gen');
INSERT INTO `tb_sys_menu` (`id`, `parent_id`, `menu_type`, `menu_title`, `menu_url`, `component`, `menu_icon`, `is_show`, `permission_tag`, `sort_no`, `status`, `created`, `created_by`, `modified`, `modified_by`, `remark`) VALUES (298243933547356160, 259169982154661888, 1, '查询', '', '', '', 0, '/api/v1/plugin/query', 1, 0, '2025-07-03 12:55:55', 1, '2025-07-03 12:55:55', 1, 'gen');
INSERT INTO `tb_sys_menu` (`id`, `parent_id`, `menu_type`, `menu_title`, `menu_url`, `component`, `menu_icon`, `is_show`, `permission_tag`, `sort_no`, `status`, `created`, `created_by`, `modified`, `modified_by`, `remark`) VALUES (298243934025506816, 259169982154661888, 1, '保存', '', '', '', 0, '/api/v1/plugin/save', 1, 0, '2025-07-03 12:55:55', 1, '2025-07-03 12:55:55', 1, 'gen');
INSERT INTO `tb_sys_menu` (`id`, `parent_id`, `menu_type`, `menu_title`, `menu_url`, `component`, `menu_icon`, `is_show`, `permission_tag`, `sort_no`, `status`, `created`, `created_by`, `modified`, `modified_by`, `remark`) VALUES (298243934495268864, 259169982154661888, 1, '删除', '', '', '', 0, '/api/v1/plugin/remove', 1, 0, '2025-07-03 12:55:55', 1, '2025-07-03 12:55:55', 1, 'gen');
INSERT INTO `tb_sys_menu` (`id`, `parent_id`, `menu_type`, `menu_title`, `menu_url`, `component`, `menu_icon`, `is_show`, `permission_tag`, `sort_no`, `status`, `created`, `created_by`, `modified`, `modified_by`, `remark`) VALUES (298243934960836608, 259170117110587392, 1, '查询', '', '', '', 0, '/api/v1/workflow/query', 1, 0, '2025-07-03 12:55:55', 1, '2025-07-03 12:55:55', 1, 'gen');
INSERT INTO `tb_sys_menu` (`id`, `parent_id`, `menu_type`, `menu_title`, `menu_url`, `component`, `menu_icon`, `is_show`, `permission_tag`, `sort_no`, `status`, `created`, `created_by`, `modified`, `modified_by`, `remark`) VALUES (298243935430598656, 259170117110587392, 1, '保存', '', '', '', 0, '/api/v1/workflow/save', 1, 0, '2025-07-03 12:55:55', 1, '2025-07-03 12:55:55', 1, 'gen');
INSERT INTO `tb_sys_menu` (`id`, `parent_id`, `menu_type`, `menu_title`, `menu_url`, `component`, `menu_icon`, `is_show`, `permission_tag`, `sort_no`, `status`, `created`, `created_by`, `modified`, `modified_by`, `remark`) VALUES (298243935904555008, 259170117110587392, 1, '删除', '', '', '', 0, '/api/v1/workflow/remove', 1, 0, '2025-07-03 12:55:55', 1, '2025-07-03 12:55:55', 1, 'gen');
INSERT INTO `tb_sys_menu` (`id`, `parent_id`, `menu_type`, `menu_title`, `menu_url`, `component`, `menu_icon`, `is_show`, `permission_tag`, `sort_no`, `status`, `created`, `created_by`, `modified`, `modified_by`, `remark`) VALUES (298243936374317056, 259170422338478080, 1, '查询', '', '', '', 0, '/api/v1/documentCollection/query', 1, 0, '2025-07-03 12:55:56', 1, '2025-07-03 12:55:56', 1, 'gen');
INSERT INTO `tb_sys_menu` (`id`, `parent_id`, `menu_type`, `menu_title`, `menu_url`, `component`, `menu_icon`, `is_show`, `permission_tag`, `sort_no`, `status`, `created`, `created_by`, `modified`, `modified_by`, `remark`) VALUES (298243936848273408, 259170422338478080, 1, '保存', '', '', '', 0, '/api/v1/documentCollection/save', 1, 0, '2025-07-03 12:55:56', 1, '2025-07-03 12:55:56', 1, 'gen');
INSERT INTO `tb_sys_menu` (`id`, `parent_id`, `menu_type`, `menu_title`, `menu_url`, `component`, `menu_icon`, `is_show`, `permission_tag`, `sort_no`, `status`, `created`, `created_by`, `modified`, `modified_by`, `remark`) VALUES (298243937313841152, 259170422338478080, 1, '删除', '', '', '', 0, '/api/v1/documentCollection/remove', 1, 0, '2025-07-03 12:55:56', 1, '2025-07-03 12:55:56', 1, 'gen');
INSERT INTO `tb_sys_menu` (`id`, `parent_id`, `menu_type`, `menu_title`, `menu_url`, `component`, `menu_icon`, `is_show`, `permission_tag`, `sort_no`, `status`, `created`, `created_by`, `modified`, `modified_by`, `remark`) VALUES (298243937783603200, 259170538264846336, 1, '查询', '', '', '', 0, '/api/v1/model/query', 1, 0, '2025-07-03 12:55:56', 1, '2025-07-03 12:55:56', 1, 'gen');
INSERT INTO `tb_sys_menu` (`id`, `parent_id`, `menu_type`, `menu_title`, `menu_url`, `component`, `menu_icon`, `is_show`, `permission_tag`, `sort_no`, `status`, `created`, `created_by`, `modified`, `modified_by`, `remark`) VALUES (298243938240782336, 259170538264846336, 1, '保存', '', '', '', 0, '/api/v1/model/save', 1, 0, '2025-07-03 12:55:56', 1, '2025-07-03 12:55:56', 1, 'gen');
INSERT INTO `tb_sys_menu` (`id`, `parent_id`, `menu_type`, `menu_title`, `menu_url`, `component`, `menu_icon`, `is_show`, `permission_tag`, `sort_no`, `status`, `created`, `created_by`, `modified`, `modified_by`, `remark`) VALUES (298243938706350080, 259170538264846336, 1, '删除', '', '', '', 0, '/api/v1/model/remove', 1, 0, '2025-07-03 12:55:56', 1, '2025-07-03 12:55:56', 1, 'gen');
INSERT INTO `tb_sys_menu` (`id`, `parent_id`, `menu_type`, `menu_title`, `menu_url`, `component`, `menu_icon`, `is_show`, `permission_tag`, `sort_no`, `status`, `created`, `created_by`, `modified`, `modified_by`, `remark`) VALUES (298243939180306432, 270761213536096256, 1, '查询', '', '', '', 0, '/api/v1/sysApiKey/query', 1, 0, '2025-07-03 12:55:56', 1, '2025-07-03 12:55:56', 1, 'gen');
INSERT INTO `tb_sys_menu` (`id`, `parent_id`, `menu_type`, `menu_title`, `menu_url`, `component`, `menu_icon`, `is_show`, `permission_tag`, `sort_no`, `status`, `created`, `created_by`, `modified`, `modified_by`, `remark`) VALUES (298243939650068480, 270761213536096256, 1, '保存', '', '', '', 0, '/api/v1/sysApiKey/save', 1, 0, '2025-07-03 12:55:56', 1, '2025-07-03 12:55:56', 1, 'gen');
INSERT INTO `tb_sys_menu` (`id`, `parent_id`, `menu_type`, `menu_title`, `menu_url`, `component`, `menu_icon`, `is_show`, `permission_tag`, `sort_no`, `status`, `created`, `created_by`, `modified`, `modified_by`, `remark`) VALUES (298243940115636224, 270761213536096256, 1, '删除', '', '', '', 0, '/api/v1/sysApiKey/remove', 1, 0, '2025-07-03 12:55:56', 1, '2025-07-03 12:55:56', 1, 'gen');
INSERT INTO `tb_sys_menu` (`id`, `parent_id`, `menu_type`, `menu_title`, `menu_url`, `component`, `menu_icon`, `is_show`, `permission_tag`, `sort_no`, `status`, `created`, `created_by`, `modified`, `modified_by`, `remark`) VALUES (298243940614758400, 282254669269082112, 1, '查询', '', '', '', 0, '/api/v1/sysJob/query', 1, 0, '2025-07-03 12:55:57', 1, '2025-07-03 12:55:57', 1, 'gen');
INSERT INTO `tb_sys_menu` (`id`, `parent_id`, `menu_type`, `menu_title`, `menu_url`, `component`, `menu_icon`, `is_show`, `permission_tag`, `sort_no`, `status`, `created`, `created_by`, `modified`, `modified_by`, `remark`) VALUES (298243941080326144, 282254669269082112, 1, '保存', '', '', '', 0, '/api/v1/sysJob/save', 1, 0, '2025-07-03 12:55:57', 1, '2025-07-03 12:55:57', 1, 'gen');
INSERT INTO `tb_sys_menu` (`id`, `parent_id`, `menu_type`, `menu_title`, `menu_url`, `component`, `menu_icon`, `is_show`, `permission_tag`, `sort_no`, `status`, `created`, `created_by`, `modified`, `modified_by`, `remark`) VALUES (298243941545893888, 282254669269082112, 1, '删除', '', '', '', 0, '/api/v1/sysJob/remove', 1, 0, '2025-07-03 12:55:57', 1, '2025-07-03 12:55:57', 1, 'gen');
INSERT INTO `tb_sys_menu` (`id`, `parent_id`, `menu_type`, `menu_title`, `menu_url`, `component`, `menu_icon`, `is_show`, `permission_tag`, `sort_no`, `status`, `created`, `created_by`, `modified`, `modified_by`, `remark`) VALUES (300008008381800448, 0, 0, 'menus.ai.resources', '/ai/resource', '/ai/resource/ResourceList', 'svg:resource', 1, '', 52, 0, '2025-07-08 09:45:43', 1, '2025-12-26 11:37:42', 1, '');
INSERT INTO `tb_sys_menu` (`id`, `parent_id`, `menu_type`, `menu_title`, `menu_url`, `component`, `menu_icon`, `is_show`, `permission_tag`, `sort_no`, `status`, `created`, `created_by`, `modified`, `modified_by`, `remark`) VALUES (300008359986110464, 300008008381800448, 1, '查询', '', '', '', 0, '/api/v1/resource/query', 0, 0, '2025-07-08 09:47:07', 1, '2025-07-08 09:47:07', 1, '');
INSERT INTO `tb_sys_menu` (`id`, `parent_id`, `menu_type`, `menu_title`, `menu_url`, `component`, `menu_icon`, `is_show`, `permission_tag`, `sort_no`, `status`, `created`, `created_by`, `modified`, `modified_by`, `remark`) VALUES (300012644643815424, 300008008381800448, 1, '保存', '', '', '', 0, '/api/v1/resource/save', 0, 0, '2025-07-08 10:04:08', 1, '2025-07-08 10:04:08', 1, '');
INSERT INTO `tb_sys_menu` (`id`, `parent_id`, `menu_type`, `menu_title`, `menu_url`, `component`, `menu_icon`, `is_show`, `permission_tag`, `sort_no`, `status`, `created`, `created_by`, `modified`, `modified_by`, `remark`) VALUES (300013092268326912, 300008008381800448, 1, '删除', '', '', '', 1, '/api/v1/resource/remove', 0, 0, '2025-07-08 10:05:55', 1, '2025-07-08 10:05:55', 1, '');
INSERT INTO `tb_sys_menu` (`id`, `parent_id`, `menu_type`, `menu_title`, `menu_url`, `component`, `menu_icon`, `is_show`, `permission_tag`, `sort_no`, `status`, `created`, `created_by`, `modified`, `modified_by`, `remark`) VALUES (300817858217091072, 0, 0, 'menus.ai.datacenter', '/datacenter/table', '/datacenter/DatacenterTableList', 'svg:data-center', 1, '', 53, 0, '2025-07-10 15:23:46', 1, '2025-12-26 11:15:08', 1, '');
INSERT INTO `tb_sys_menu` (`id`, `parent_id`, `menu_type`, `menu_title`, `menu_url`, `component`, `menu_icon`, `is_show`, `permission_tag`, `sort_no`, `status`, `created`, `created_by`, `modified`, `modified_by`, `remark`) VALUES (300818298270883840, 300817858217091072, 1, '查询', '', '', '', 1, '/api/v1/datacenterTable/query', 0, 0, '2025-07-10 15:25:31', 1, '2025-07-10 15:25:31', 1, '');
INSERT INTO `tb_sys_menu` (`id`, `parent_id`, `menu_type`, `menu_title`, `menu_url`, `component`, `menu_icon`, `is_show`, `permission_tag`, `sort_no`, `status`, `created`, `created_by`, `modified`, `modified_by`, `remark`) VALUES (300818387710222336, 300817858217091072, 1, '保存', '', '', '', 1, '/api/v1/datacenterTable/save', 0, 0, '2025-07-10 15:25:53', 1, '2025-07-10 15:25:53', 1, '');
INSERT INTO `tb_sys_menu` (`id`, `parent_id`, `menu_type`, `menu_title`, `menu_url`, `component`, `menu_icon`, `is_show`, `permission_tag`, `sort_no`, `status`, `created`, `created_by`, `modified`, `modified_by`, `remark`) VALUES (300818488214134784, 300817858217091072, 1, '删除', '', '', '', 1, '/api/v1/datacenterTable/remove', 0, 0, '2025-07-10 15:26:17', 1, '2025-07-10 15:26:17', 1, '');
INSERT INTO `tb_sys_menu` (`id`, `parent_id`, `menu_type`, `menu_title`, `menu_url`, `component`, `menu_icon`, `is_show`, `permission_tag`, `sort_no`, `status`, `created`, `created_by`, `modified`, `modified_by`, `remark`) VALUES (363168956276838400, 258052082618335232, 0, 'menus.system.sysFeedback', '/sys/sysFeedback', '/system/sysFeedback/sysFeedbackList', 'svg:user-feedback', 1, '', 62, 0, '2025-12-29 16:44:47', 1, '2025-12-29 16:45:39', 1, '');
INSERT INTO `tb_sys_menu` (`id`, `parent_id`, `menu_type`, `menu_title`, `menu_url`, `component`, `menu_icon`, `is_show`, `permission_tag`, `sort_no`, `status`, `created`, `created_by`, `modified`, `modified_by`, `remark`) VALUES (363435797225017344, 363168956276838400, 1, '删除', '', '', '', 0, '/api/v1/sysUserFeedback/remove', 3, 0, '2025-12-30 10:25:06', 1, '2025-12-30 10:26:15', 1, '');
INSERT INTO `tb_sys_menu` (`id`, `parent_id`, `menu_type`, `menu_title`, `menu_url`, `component`, `menu_icon`, `is_show`, `permission_tag`, `sort_no`, `status`, `created`, `created_by`, `modified`, `modified_by`, `remark`) VALUES (363435949415337984, 363168956276838400, 1, '保存', '', '', '', 0, '/api/v1/sysUserFeedback/save', 2, 0, '2025-12-30 10:25:43', 1, '2025-12-30 10:26:10', 1, '');
INSERT INTO `tb_sys_menu` (`id`, `parent_id`, `menu_type`, `menu_title`, `menu_url`, `component`, `menu_icon`, `is_show`, `permission_tag`, `sort_no`, `status`, `created`, `created_by`, `modified`, `modified_by`, `remark`) VALUES (363532315237093376, 258052082618335232, 0, 'menus.system.sysAppearance', '/sys/sysAppearance', '/system/sysAppearance/sysAppearance', 'svg:appearance', 1, '', 63, 0, '2025-12-30 16:48:38', 1, '2025-12-30 16:49:08', 1, '');
INSERT INTO `tb_sys_menu` (`id`, `parent_id`, `menu_type`, `menu_title`, `menu_url`, `component`, `menu_icon`, `is_show`, `permission_tag`, `sort_no`, `status`, `created`, `created_by`, `modified`, `modified_by`, `remark`) VALUES (363533849449447424, 363168956276838400, 1, '查询', '', '', '', 0, '/api/v1/sysUserFeedback/query', 1, 0, '2025-12-30 16:54:44', 1, '2025-12-30 16:54:44', 1, '');
INSERT INTO `tb_sys_menu` (`id`, `parent_id`, `menu_type`, `menu_title`, `menu_url`, `component`, `menu_icon`, `is_show`, `permission_tag`, `sort_no`, `status`, `created`, `created_by`, `modified`, `modified_by`, `remark`) VALUES (363786713330745344, 258052082618335232, 0, 'menus.system.oauth', '/oauth/config', '/system/sysOption/oauth', 'svg:oauth', 1, '', 70, 0, '2025-12-31 09:39:31', 363530635138777088, '2026-01-05 09:12:56', 1, '');
INSERT INTO `tb_sys_menu` (`id`, `parent_id`, `menu_type`, `menu_title`, `menu_url`, `component`, `menu_icon`, `is_show`, `permission_tag`, `sort_no`, `status`, `created`, `created_by`, `modified`, `modified_by`, `remark`) VALUES (365312682481553408, 0, 0, 'menus.ai.mcp', '/ai/mcp', '/ai/mcp/Mcp', 'svg:mcp', 1, '', 62, 0, '2026-01-04 14:43:11', 1, '2026-01-06 10:03:08', 1, '');
INSERT INTO `tb_sys_menu` (`id`, `parent_id`, `menu_type`, `menu_title`, `menu_url`, `component`, `menu_icon`, `is_show`, `permission_tag`, `sort_no`, `status`, `created`, `created_by`, `modified`, `modified_by`, `remark`) VALUES (365314158356467712, 365312682481553408, 1, '查询', '', '', '', 0, '/api/v1/mcp/query', 1, 0, '2026-01-04 14:49:03', 1, '2026-01-04 14:49:03', 1, '');
INSERT INTO `tb_sys_menu` (`id`, `parent_id`, `menu_type`, `menu_title`, `menu_url`, `component`, `menu_icon`, `is_show`, `permission_tag`, `sort_no`, `status`, `created`, `created_by`, `modified`, `modified_by`, `remark`) VALUES (365314258952654848, 365312682481553408, 1, '保存', '', '', '', 0, '/api/v1/mcp/save', 2, 0, '2026-01-04 14:49:27', 1, '2026-01-04 14:49:27', 1, '');
INSERT INTO `tb_sys_menu` (`id`, `parent_id`, `menu_type`, `menu_title`, `menu_url`, `component`, `menu_icon`, `is_show`, `permission_tag`, `sort_no`, `status`, `created`, `created_by`, `modified`, `modified_by`, `remark`) VALUES (365314364238073856, 365312682481553408, 1, '删除', '', '', '', 0, '/api/v1/mcp/remove', 3, 0, '2026-01-04 14:49:52', 1, '2026-01-04 14:49:52', 1, '');

-- ----------------------------
-- Records of tb_sys_role
-- ----------------------------
INSERT INTO `tb_sys_role` (`id`, `tenant_id`, `role_name`, `role_key`, `status`, `created`, `created_by`, `modified`, `modified_by`, `remark`, `data_scope`, `menu_check_strictly`, `dept_check_strictly`) VALUES (1, 1000000, '超级管理员', 'super_admin', 1, '2025-03-14 14:52:37', 1, '2025-03-14 14:52:37', 1, '', 1, 0, 0);

-- ----------------------------
-- Records of tb_sys_role_menu
-- ----------------------------
INSERT INTO `tb_sys_role_menu` (`id`, `role_id`, `menu_id`) VALUES (183724390000000005, 1, 183724390000000001);
INSERT INTO `tb_sys_role_menu` (`id`, `role_id`, `menu_id`) VALUES (183724390000000006, 1, 183724390000000002);
INSERT INTO `tb_sys_role_menu` (`id`, `role_id`, `menu_id`) VALUES (183724390000000007, 1, 183724390000000003);
INSERT INTO `tb_sys_role_menu` (`id`, `role_id`, `menu_id`) VALUES (183724390000000008, 1, 183724390000000004);
INSERT INTO `tb_sys_role_menu` (`id`, `role_id`, `menu_id`) VALUES (259111372649250817, 1, 258052774330368000);
INSERT INTO `tb_sys_role_menu` (`id`, `role_id`, `menu_id`) VALUES (259111372649250818, 1, 258075705244676096);
INSERT INTO `tb_sys_role_menu` (`id`, `role_id`, `menu_id`) VALUES (259111372649250819, 1, 258075850434703360);
INSERT INTO `tb_sys_role_menu` (`id`, `role_id`, `menu_id`) VALUES (259111372649250822, 1, 259048038847483904);
INSERT INTO `tb_sys_role_menu` (`id`, `role_id`, `menu_id`) VALUES (259111372649250825, 1, 258052082618335232);
INSERT INTO `tb_sys_role_menu` (`id`, `role_id`, `menu_id`) VALUES (259168916826611712, 1, 259168916721754112);
INSERT INTO `tb_sys_role_menu` (`id`, `role_id`, `menu_id`) VALUES (259169318829678592, 1, 259169318720626688);
INSERT INTO `tb_sys_role_menu` (`id`, `role_id`, `menu_id`) VALUES (259169837941907456, 1, 259169837824466944);
INSERT INTO `tb_sys_role_menu` (`id`, `role_id`, `menu_id`) VALUES (259169982280491008, 1, 259169982154661888);
INSERT INTO `tb_sys_role_menu` (`id`, `role_id`, `menu_id`) VALUES (259170117223833600, 1, 259170117110587392);
INSERT INTO `tb_sys_role_menu` (`id`, `role_id`, `menu_id`) VALUES (259170422447529984, 1, 259170422338478080);
INSERT INTO `tb_sys_role_menu` (`id`, `role_id`, `menu_id`) VALUES (259170538378092544, 1, 259170538264846336);
INSERT INTO `tb_sys_role_menu` (`id`, `role_id`, `menu_id`) VALUES (270761213603205120, 1, 270761213536096256);
INSERT INTO `tb_sys_role_menu` (`id`, `role_id`, `menu_id`) VALUES (282254669390716928, 1, 282254669269082112);
INSERT INTO `tb_sys_role_menu` (`id`, `role_id`, `menu_id`) VALUES (298243919488049152, 1, 298243919118950400);
INSERT INTO `tb_sys_role_menu` (`id`, `role_id`, `menu_id`) VALUES (298243919966199808, 1, 298243919727124480);
INSERT INTO `tb_sys_role_menu` (`id`, `role_id`, `menu_id`) VALUES (298243920444350464, 1, 298243920205275136);
INSERT INTO `tb_sys_role_menu` (`id`, `role_id`, `menu_id`) VALUES (298243920926695424, 1, 298243920679231488);
INSERT INTO `tb_sys_role_menu` (`id`, `role_id`, `menu_id`) VALUES (298243921404846080, 1, 298243921161576448);
INSERT INTO `tb_sys_role_menu` (`id`, `role_id`, `menu_id`) VALUES (298243921908162560, 1, 298243921639727104);
INSERT INTO `tb_sys_role_menu` (`id`, `role_id`, `menu_id`) VALUES (298243922398896128, 1, 298243922155626496);
INSERT INTO `tb_sys_role_menu` (`id`, `role_id`, `menu_id`) VALUES (298243922877046784, 1, 298243922637971456);
INSERT INTO `tb_sys_role_menu` (`id`, `role_id`, `menu_id`) VALUES (298243923367780352, 1, 298243923116122112);
INSERT INTO `tb_sys_role_menu` (`id`, `role_id`, `menu_id`) VALUES (298243923866902528, 1, 298243923627827200);
INSERT INTO `tb_sys_role_menu` (`id`, `role_id`, `menu_id`) VALUES (298243924336664576, 1, 298243924105977856);
INSERT INTO `tb_sys_role_menu` (`id`, `role_id`, `menu_id`) VALUES (298243924810620928, 1, 298243924571545600);
INSERT INTO `tb_sys_role_menu` (`id`, `role_id`, `menu_id`) VALUES (298243926689669120, 1, 298243926450593792);
INSERT INTO `tb_sys_role_menu` (`id`, `role_id`, `menu_id`) VALUES (298243927155236864, 1, 298243926920355840);
INSERT INTO `tb_sys_role_menu` (`id`, `role_id`, `menu_id`) VALUES (298243927620804608, 1, 298243927385923584);
INSERT INTO `tb_sys_role_menu` (`id`, `role_id`, `menu_id`) VALUES (298243929525018624, 1, 298243929294331904);
INSERT INTO `tb_sys_role_menu` (`id`, `role_id`, `menu_id`) VALUES (298243929990586368, 1, 298243929755705344);
INSERT INTO `tb_sys_role_menu` (`id`, `role_id`, `menu_id`) VALUES (298243930460348416, 1, 298243930225467392);
INSERT INTO `tb_sys_role_menu` (`id`, `role_id`, `menu_id`) VALUES (298243932368756736, 1, 298243932104515584);
INSERT INTO `tb_sys_role_menu` (`id`, `role_id`, `menu_id`) VALUES (298243932846907392, 1, 298243932607832064);
INSERT INTO `tb_sys_role_menu` (`id`, `role_id`, `menu_id`) VALUES (298243933312475136, 1, 298243933077594112);
INSERT INTO `tb_sys_role_menu` (`id`, `role_id`, `menu_id`) VALUES (298243933786431488, 1, 298243933547356160);
INSERT INTO `tb_sys_role_menu` (`id`, `role_id`, `menu_id`) VALUES (298243934260387840, 1, 298243934025506816);
INSERT INTO `tb_sys_role_menu` (`id`, `role_id`, `menu_id`) VALUES (298243934730149888, 1, 298243934495268864);
INSERT INTO `tb_sys_role_menu` (`id`, `role_id`, `menu_id`) VALUES (298243935199911936, 1, 298243934960836608);
INSERT INTO `tb_sys_role_menu` (`id`, `role_id`, `menu_id`) VALUES (298243935669673984, 1, 298243935430598656);
INSERT INTO `tb_sys_role_menu` (`id`, `role_id`, `menu_id`) VALUES (298243936139436032, 1, 298243935904555008);
INSERT INTO `tb_sys_role_menu` (`id`, `role_id`, `menu_id`) VALUES (298243936621780992, 1, 298243936374317056);
INSERT INTO `tb_sys_role_menu` (`id`, `role_id`, `menu_id`) VALUES (298243937083154432, 1, 298243936848273408);
INSERT INTO `tb_sys_role_menu` (`id`, `role_id`, `menu_id`) VALUES (298243937552916480, 1, 298243937313841152);
INSERT INTO `tb_sys_role_menu` (`id`, `role_id`, `menu_id`) VALUES (298243938010095616, 1, 298243937783603200);
INSERT INTO `tb_sys_role_menu` (`id`, `role_id`, `menu_id`) VALUES (298243938475663360, 1, 298243938240782336);
INSERT INTO `tb_sys_role_menu` (`id`, `role_id`, `menu_id`) VALUES (298243938949619712, 1, 298243938706350080);
INSERT INTO `tb_sys_role_menu` (`id`, `role_id`, `menu_id`) VALUES (298243939415187456, 1, 298243939180306432);
INSERT INTO `tb_sys_role_menu` (`id`, `role_id`, `menu_id`) VALUES (298243939884949504, 1, 298243939650068480);
INSERT INTO `tb_sys_role_menu` (`id`, `role_id`, `menu_id`) VALUES (298243940358905856, 1, 298243940115636224);
INSERT INTO `tb_sys_role_menu` (`id`, `role_id`, `menu_id`) VALUES (298243940845445120, 1, 298243940614758400);
INSERT INTO `tb_sys_role_menu` (`id`, `role_id`, `menu_id`) VALUES (298243941315207168, 1, 298243941080326144);
INSERT INTO `tb_sys_role_menu` (`id`, `role_id`, `menu_id`) VALUES (298243941780774912, 1, 298243941545893888);
INSERT INTO `tb_sys_role_menu` (`id`, `role_id`, `menu_id`) VALUES (300008008490852352, 1, 300008008381800448);
INSERT INTO `tb_sys_role_menu` (`id`, `role_id`, `menu_id`) VALUES (300008360078385152, 1, 300008359986110464);
INSERT INTO `tb_sys_role_menu` (`id`, `role_id`, `menu_id`) VALUES (300012644702535680, 1, 300012644643815424);
INSERT INTO `tb_sys_role_menu` (`id`, `role_id`, `menu_id`) VALUES (300013092310269952, 1, 300013092268326912);
INSERT INTO `tb_sys_role_menu` (`id`, `role_id`, `menu_id`) VALUES (300817858284199936, 1, 300817858217091072);
INSERT INTO `tb_sys_role_menu` (`id`, `role_id`, `menu_id`) VALUES (300818298325409792, 1, 300818298270883840);
INSERT INTO `tb_sys_role_menu` (`id`, `role_id`, `menu_id`) VALUES (300818387789914112, 1, 300818387710222336);
INSERT INTO `tb_sys_role_menu` (`id`, `role_id`, `menu_id`) VALUES (300818488344158208, 1, 300818488214134784);
INSERT INTO `tb_sys_role_menu` (`id`, `role_id`, `menu_id`) VALUES (363168956335558656, 1, 363168956276838400);
INSERT INTO `tb_sys_role_menu` (`id`, `role_id`, `menu_id`) VALUES (363532315350339584, 1, 363532315237093376);
INSERT INTO `tb_sys_role_menu` (`id`, `role_id`, `menu_id`) VALUES (363533849537527808, 1, 363533849449447424);
INSERT INTO `tb_sys_role_menu` (`id`, `role_id`, `menu_id`) VALUES (363786713469157376, 1, 363786713330745344);
INSERT INTO `tb_sys_role_menu` (`id`, `role_id`, `menu_id`) VALUES (365312682603188224, 1, 365312682481553408);
INSERT INTO `tb_sys_role_menu` (`id`, `role_id`, `menu_id`) VALUES (365314158469713920, 1, 365314158356467712);
INSERT INTO `tb_sys_role_menu` (`id`, `role_id`, `menu_id`) VALUES (365314259057512448, 1, 365314258952654848);
INSERT INTO `tb_sys_role_menu` (`id`, `role_id`, `menu_id`) VALUES (365314364334542848, 1, 365314364238073856);


-- ----------------------------
-- Records of tb_model_provider
-- ----------------------------
INSERT INTO `tb_model_provider` (`id`, `provider_name`, `provider_type`, `icon`, `api_key`, `endpoint`, `chat_path`, `embed_path`, `rerank_path`, `created`, `created_by`, `modified`, `modified_by`) VALUES (358906187162456064, 'Gitee', 'gitee', '', '', 'https://ai.gitee.com', '/v1/chat/completions', '/v1/embeddings', '/v1/rerank', '2025-12-17 22:26:03', 1, '2025-12-17 22:26:03', 1);
INSERT INTO `tb_model_provider` (`id`, `provider_name`, `provider_type`, `icon`, `api_key`, `endpoint`, `chat_path`, `embed_path`, `rerank_path`, `created`, `created_by`, `modified`, `modified_by`) VALUES (359109019710914560, '百度千帆', 'baidu', '', '', 'https://qianfan.baidubce.com', '/v2/chat/completions', '/v2/embeddings', '', '2025-12-18 11:52:02', 1, '2025-12-18 11:52:02', 1);
INSERT INTO `tb_model_provider` (`id`, `provider_name`, `provider_type`, `icon`, `api_key`, `endpoint`, `chat_path`, `embed_path`, `rerank_path`, `created`, `created_by`, `modified`, `modified_by`) VALUES (359110565693620224, '火山引擎', 'volcengine', '', '', 'https://ark.cn-beijing.volces.com', '/api/v3/chat/completions', '/api/v3/embeddings', '', '2025-12-18 11:58:11', 1, '2025-12-18 11:58:11', 1);
INSERT INTO `tb_model_provider` (`id`, `provider_name`, `provider_type`, `icon`, `api_key`, `endpoint`, `chat_path`, `embed_path`, `rerank_path`, `created`, `created_by`, `modified`, `modified_by`) VALUES (359110640402563072, '星火大模型', 'spark', '', '', 'https://spark-api-open.xf-yun.com', '/v1/chat/completions', NULL, '', '2025-12-18 11:58:29', 1, '2025-12-18 11:58:29', 1);
INSERT INTO `tb_model_provider` (`id`, `provider_name`, `provider_type`, `icon`, `api_key`, `endpoint`, `chat_path`, `embed_path`, `rerank_path`, `created`, `created_by`, `modified`, `modified_by`) VALUES (359110667376132096, '硅基流动', 'siliconlow', '', '', 'https://api.siliconflow.cn', '/v1/chat/completions', '/v1/embeddings', '', '2025-12-18 11:58:35', 1, '2025-12-18 11:58:35', 1);
INSERT INTO `tb_model_provider` (`id`, `provider_name`, `provider_type`, `icon`, `api_key`, `endpoint`, `chat_path`, `embed_path`, `rerank_path`, `created`, `created_by`, `modified`, `modified_by`) VALUES (359110690079899648, 'Ollama', 'ollama', '', '', NULL, NULL, NULL, '', '2025-12-18 11:58:40', 1, '2025-12-18 11:58:40', 1);
INSERT INTO `tb_model_provider` (`id`, `provider_name`, `provider_type`, `icon`, `api_key`, `endpoint`, `chat_path`, `embed_path`, `rerank_path`, `created`, `created_by`, `modified`, `modified_by`) VALUES (359111120310632448, 'DeepSeek', 'deepseek', '', '', 'https://api.deepseek.com', '/compatible-mode/v1/chat/completions', '/compatible-mode/v1/embeddings', '', '2025-12-18 12:00:23', 1, '2025-12-18 12:00:23', 1);
INSERT INTO `tb_model_provider` (`id`, `provider_name`, `provider_type`, `icon`, `api_key`, `endpoint`, `chat_path`, `embed_path`, `rerank_path`, `created`, `created_by`, `modified`, `modified_by`) VALUES (359111228158771200, 'Open AI', 'openai', '', '', 'https://api.openai.com', '/v1/chat/completions', '/v1/embeddings', '', '2025-12-18 12:00:49', 1, '2025-12-18 12:00:49', 1);
INSERT INTO `tb_model_provider` (`id`, `provider_name`, `provider_type`, `icon`, `api_key`, `endpoint`, `chat_path`, `embed_path`, `rerank_path`, `created`, `created_by`, `modified`, `modified_by`) VALUES (359111448204541952, '阿里百炼', 'aliyun', '', '', 'https://dashscope.aliyuncs.com', '/compatible-mode/v1/chat/completions', '/compatible-mode/v1/embeddings', '', '2025-12-18 12:01:41', 1, '2025-12-18 12:01:41', 1);

-- ----------------------------
-- Records of tb_model
-- ----------------------------
INSERT INTO `tb_model` (`id`, `dept_id`, `tenant_id`, `provider_id`, `title`, `icon`, `description`, `endpoint`, `request_path`, `model_name`, `api_key`, `extra_config`, `options`, `group_name`, `model_type`, `with_used`, `support_thinking`, `support_tool`, `support_image`, `support_image_b64_only`, `support_video`, `support_audio`, `support_free`) VALUES (359159030960295936, 1, 1000000, 358906187162456064, 'DeepSeek-V3', NULL, NULL, NULL, NULL, 'DeepSeek-V3', NULL, NULL, '{\"rerankPath\":\"\",\"chatPath\":\"\",\"llmEndpoint\":\"\",\"embedPath\":\"\"}', 'DeepSeek', 'chatModel', 1, 0, 0, NULL, NULL, NULL, NULL, 0);
INSERT INTO `tb_model` (`id`, `dept_id`, `tenant_id`, `provider_id`, `title`, `icon`, `description`, `endpoint`, `request_path`, `model_name`, `api_key`, `extra_config`, `options`, `group_name`, `model_type`, `with_used`, `support_thinking`, `support_tool`, `support_image`, `support_image_b64_only`, `support_video`, `support_audio`, `support_free`) VALUES (359188398742933504, 1, 1000000, 358906187162456064, 'kimi-k2-instruct', NULL, NULL, NULL, NULL, 'kimi-k2-instruct', NULL, NULL, '{\"rerankPath\":\"\",\"chatPath\":\"\",\"llmEndpoint\":\"\",\"embedPath\":\"\"}', '文心ERNIE', 'chatModel', 1, 0, 0, NULL, NULL, NULL, NULL, 0);
INSERT INTO `tb_model` (`id`, `dept_id`, `tenant_id`, `provider_id`, `title`, `icon`, `description`, `endpoint`, `request_path`, `model_name`, `api_key`, `extra_config`, `options`, `group_name`, `model_type`, `with_used`, `support_thinking`, `support_tool`, `support_image`, `support_image_b64_only`, `support_video`, `support_audio`, `support_free`) VALUES (359188487121113088, 1, 1000000, 358906187162456064, 'ERNIE-X1-Turbo', NULL, NULL, NULL, NULL, 'ERNIE-X1-Turbo', NULL, NULL, '{\"rerankPath\":\"\",\"chatPath\":\"\",\"llmEndpoint\":\"\",\"embedPath\":\"\"}', '文心ERNIE', 'chatModel', 1, 0, 0, NULL, NULL, NULL, NULL, 0);
INSERT INTO `tb_model` (`id`, `dept_id`, `tenant_id`, `provider_id`, `title`, `icon`, `description`, `endpoint`, `request_path`, `model_name`, `api_key`, `extra_config`, `options`, `group_name`, `model_type`, `with_used`, `support_thinking`, `support_tool`, `support_image`, `support_image_b64_only`, `support_video`, `support_audio`, `support_free`) VALUES (359188591383121920, 1, 1000000, 358906187162456064, 'ERNIE-4.5-Turbo', NULL, NULL, NULL, NULL, 'ERNIE-4.5-Turbo', NULL, NULL, '{\"rerankPath\":\"\",\"chatPath\":\"\",\"llmEndpoint\":\"\",\"embedPath\":\"\"}', '文心ERNIE', 'chatModel', 1, 0, 0, NULL, NULL, NULL, NULL, 0);
INSERT INTO `tb_model` (`id`, `dept_id`, `tenant_id`, `provider_id`, `title`, `icon`, `description`, `endpoint`, `request_path`, `model_name`, `api_key`, `extra_config`, `options`, `group_name`, `model_type`, `with_used`, `support_thinking`, `support_tool`, `support_image`, `support_image_b64_only`, `support_video`, `support_audio`, `support_free`) VALUES (359188717564563456, 1, 1000000, 358906187162456064, 'DeepSeek-R1', NULL, NULL, NULL, NULL, 'DeepSeek-R1', NULL, NULL, '{\"rerankPath\":\"\",\"chatPath\":\"\",\"llmEndpoint\":\"\",\"embedPath\":\"\"}', 'DeepSeek', 'chatModel', 1, 0, 0, NULL, NULL, NULL, NULL, 0);
INSERT INTO `tb_model` (`id`, `dept_id`, `tenant_id`, `provider_id`, `title`, `icon`, `description`, `endpoint`, `request_path`, `model_name`, `api_key`, `extra_config`, `options`, `group_name`, `model_type`, `with_used`, `support_thinking`, `support_tool`, `support_image`, `support_image_b64_only`, `support_video`, `support_audio`, `support_free`) VALUES (359188823290384384, 1, 1000000, 358906187162456064, 'Qwen3-235B-A22B', NULL, NULL, NULL, NULL, 'Qwen3-235B-A22B', NULL, NULL, '{\"rerankPath\":\"\",\"chatPath\":\"\",\"llmEndpoint\":\"\",\"embedPath\":\"\"}', 'Qwen', 'chatModel', 1, 0, 0, NULL, NULL, NULL, NULL, 0);
INSERT INTO `tb_model` (`id`, `dept_id`, `tenant_id`, `provider_id`, `title`, `icon`, `description`, `endpoint`, `request_path`, `model_name`, `api_key`, `extra_config`, `options`, `group_name`, `model_type`, `with_used`, `support_thinking`, `support_tool`, `support_image`, `support_image_b64_only`, `support_video`, `support_audio`, `support_free`) VALUES (359188894316728320, 1, 1000000, 358906187162456064, 'Qwen3-30B-A3B', NULL, NULL, NULL, NULL, 'Qwen3-30B-A3B', NULL, NULL, '{\"rerankPath\":\"\",\"chatPath\":\"\",\"llmEndpoint\":\"\",\"embedPath\":\"\"}', 'Qwen', 'chatModel', 1, 0, 0, NULL, NULL, NULL, NULL, 0);
INSERT INTO `tb_model` (`id`, `dept_id`, `tenant_id`, `provider_id`, `title`, `icon`, `description`, `endpoint`, `request_path`, `model_name`, `api_key`, `extra_config`, `options`, `group_name`, `model_type`, `with_used`, `support_thinking`, `support_tool`, `support_image`, `support_image_b64_only`, `support_video`, `support_audio`, `support_free`) VALUES (359189040752463872, 1, 1000000, 358906187162456064, 'Qwen3-32B', NULL, NULL, NULL, NULL, 'Qwen3-32B', NULL, NULL, '{\"rerankPath\":\"\",\"chatPath\":\"\",\"llmEndpoint\":\"\",\"embedPath\":\"\"}', 'Qwen', 'chatModel', 1, 0, 0, NULL, NULL, NULL, NULL, 0);
INSERT INTO `tb_model` (`id`, `dept_id`, `tenant_id`, `provider_id`, `title`, `icon`, `description`, `endpoint`, `request_path`, `model_name`, `api_key`, `extra_config`, `options`, `group_name`, `model_type`, `with_used`, `support_thinking`, `support_tool`, `support_image`, `support_image_b64_only`, `support_video`, `support_audio`, `support_free`) VALUES (359189205492142080, 1, 1000000, 358906187162456064, 'ERNIE-4.5-Turbo-VL', NULL, NULL, NULL, NULL, 'ERNIE-4.5-Turbo-VL', NULL, NULL, '{\"rerankPath\":\"\",\"chatPath\":\"\",\"llmEndpoint\":\"\",\"embedPath\":\"\"}', '文心ERNIE', 'chatModel', 1, 0, 0, NULL, NULL, NULL, NULL, 0);
INSERT INTO `tb_model` (`id`, `dept_id`, `tenant_id`, `provider_id`, `title`, `icon`, `description`, `endpoint`, `request_path`, `model_name`, `api_key`, `extra_config`, `options`, `group_name`, `model_type`, `with_used`, `support_thinking`, `support_tool`, `support_image`, `support_image_b64_only`, `support_video`, `support_audio`, `support_free`) VALUES (359189277827108864, 1, 1000000, 358906187162456064, 'Qwen2.5-VL-32B-Instruct', NULL, NULL, NULL, NULL, 'Qwen2.5-VL-32B-Instruct', NULL, NULL, '{\"rerankPath\":\"\",\"chatPath\":\"\",\"llmEndpoint\":\"\",\"embedPath\":\"\"}', 'Qwen', 'chatModel', 1, 0, 0, NULL, NULL, NULL, NULL, 0);
INSERT INTO `tb_model` (`id`, `dept_id`, `tenant_id`, `provider_id`, `title`, `icon`, `description`, `endpoint`, `request_path`, `model_name`, `api_key`, `extra_config`, `options`, `group_name`, `model_type`, `with_used`, `support_thinking`, `support_tool`, `support_image`, `support_image_b64_only`, `support_video`, `support_audio`, `support_free`) VALUES (359189415073124352, 1, 1000000, 358906187162456064, 'InternVL3-78B', NULL, NULL, NULL, NULL, 'InternVL3-78B', NULL, NULL, '{\"rerankPath\":\"\",\"chatPath\":\"\",\"llmEndpoint\":\"\",\"embedPath\":\"\"}', 'InternVL3', 'chatModel', 1, 0, 0, NULL, NULL, NULL, NULL, 0);
INSERT INTO `tb_model` (`id`, `dept_id`, `tenant_id`, `provider_id`, `title`, `icon`, `description`, `endpoint`, `request_path`, `model_name`, `api_key`, `extra_config`, `options`, `group_name`, `model_type`, `with_used`, `support_thinking`, `support_tool`, `support_image`, `support_image_b64_only`, `support_video`, `support_audio`, `support_free`) VALUES (359189479254364160, 1, 1000000, 358906187162456064, 'InternVL3-38B', NULL, NULL, NULL, NULL, 'InternVL3-38B', NULL, NULL, '{\"rerankPath\":\"\",\"chatPath\":\"\",\"llmEndpoint\":\"\",\"embedPath\":\"\"}', 'InternVL3', 'chatModel', 1, 0, 0, NULL, NULL, NULL, NULL, 0);
INSERT INTO `tb_model` (`id`, `dept_id`, `tenant_id`, `provider_id`, `title`, `icon`, `description`, `endpoint`, `request_path`, `model_name`, `api_key`, `extra_config`, `options`, `group_name`, `model_type`, `with_used`, `support_thinking`, `support_tool`, `support_image`, `support_image_b64_only`, `support_video`, `support_audio`, `support_free`) VALUES (359189562309971968, 1, 1000000, 358906187162456064, 'Qwen3-Embedding-8B', NULL, NULL, NULL, NULL, 'Qwen3-Embedding-8B', NULL, NULL, '{\"rerankPath\":\"\",\"chatPath\":\"\",\"llmEndpoint\":\"\",\"embedPath\":\"\"}', 'Qwen', 'embeddingModel', 1, 0, 0, NULL, NULL, NULL, NULL, 0);
INSERT INTO `tb_model` (`id`, `dept_id`, `tenant_id`, `provider_id`, `title`, `icon`, `description`, `endpoint`, `request_path`, `model_name`, `api_key`, `extra_config`, `options`, `group_name`, `model_type`, `with_used`, `support_thinking`, `support_tool`, `support_image`, `support_image_b64_only`, `support_video`, `support_audio`, `support_free`) VALUES (359189617381183488, 1, 1000000, 358906187162456064, 'Qwen3-Embedding-4B', NULL, NULL, NULL, NULL, 'Qwen3-Embedding-4B', NULL, NULL, '{\"rerankPath\":\"\",\"chatPath\":\"\",\"llmEndpoint\":\"\",\"embedPath\":\"\"}', 'Qwen', 'embeddingModel', 1, 0, 0, NULL, NULL, NULL, NULL, 0);
INSERT INTO `tb_model` (`id`, `dept_id`, `tenant_id`, `provider_id`, `title`, `icon`, `description`, `endpoint`, `request_path`, `model_name`, `api_key`, `extra_config`, `options`, `group_name`, `model_type`, `with_used`, `support_thinking`, `support_tool`, `support_image`, `support_image_b64_only`, `support_video`, `support_audio`, `support_free`) VALUES (359190580372410368, 1, 1000000, 359111120310632448, 'deepseek-chat', NULL, NULL, NULL, NULL, 'deepseek-chat', NULL, NULL, '{\"rerankPath\":\"\",\"chatPath\":\"\",\"llmEndpoint\":\"\",\"embedPath\":\"\"}', 'DeepSeek', 'chatModel', 1, 0, 0, NULL, NULL, NULL, NULL, 0);
INSERT INTO `tb_model` (`id`, `dept_id`, `tenant_id`, `provider_id`, `title`, `icon`, `description`, `endpoint`, `request_path`, `model_name`, `api_key`, `extra_config`, `options`, `group_name`, `model_type`, `with_used`, `support_thinking`, `support_tool`, `support_image`, `support_image_b64_only`, `support_video`, `support_audio`, `support_free`) VALUES (359250814495248384, 1, 1000000, 359111228158771200, 'o4-mini', NULL, NULL, NULL, NULL, 'o4-mini', NULL, NULL, '{\"rerankPath\":\"\",\"chatPath\":\"\",\"llmEndpoint\":\"\",\"embedPath\":\"\"}', 'O系列', 'chatModel', 1, 0, 0, NULL, NULL, NULL, NULL, 0);
INSERT INTO `tb_model` (`id`, `dept_id`, `tenant_id`, `provider_id`, `title`, `icon`, `description`, `endpoint`, `request_path`, `model_name`, `api_key`, `extra_config`, `options`, `group_name`, `model_type`, `with_used`, `support_thinking`, `support_tool`, `support_image`, `support_image_b64_only`, `support_video`, `support_audio`, `support_free`) VALUES (359250916064514048, 1, 1000000, 359111228158771200, 'o3', NULL, NULL, NULL, NULL, 'o3', NULL, NULL, '{\"rerankPath\":\"\",\"chatPath\":\"\",\"llmEndpoint\":\"\",\"embedPath\":\"\"}', 'O系列', 'chatModel', 1, 0, 0, NULL, NULL, NULL, NULL, 0);
INSERT INTO `tb_model` (`id`, `dept_id`, `tenant_id`, `provider_id`, `title`, `icon`, `description`, `endpoint`, `request_path`, `model_name`, `api_key`, `extra_config`, `options`, `group_name`, `model_type`, `with_used`, `support_thinking`, `support_tool`, `support_image`, `support_image_b64_only`, `support_video`, `support_audio`, `support_free`) VALUES (359250975883677696, 1, 1000000, 359111228158771200, 'o3-pro', NULL, NULL, NULL, NULL, 'o3-pro', NULL, NULL, '{\"rerankPath\":\"\",\"chatPath\":\"\",\"llmEndpoint\":\"\",\"embedPath\":\"\"}', 'O系列', 'chatModel', 1, 0, 0, NULL, NULL, NULL, NULL, 0);
INSERT INTO `tb_model` (`id`, `dept_id`, `tenant_id`, `provider_id`, `title`, `icon`, `description`, `endpoint`, `request_path`, `model_name`, `api_key`, `extra_config`, `options`, `group_name`, `model_type`, `with_used`, `support_thinking`, `support_tool`, `support_image`, `support_image_b64_only`, `support_video`, `support_audio`, `support_free`) VALUES (359251041788776448, 1, 1000000, 359111228158771200, 'o3-mini', NULL, NULL, NULL, NULL, 'o3-mini', NULL, NULL, '{\"rerankPath\":\"\",\"chatPath\":\"\",\"llmEndpoint\":\"\",\"embedPath\":\"\"}', 'O系列', 'chatModel', 1, 0, 0, NULL, NULL, NULL, NULL, 0);
INSERT INTO `tb_model` (`id`, `dept_id`, `tenant_id`, `provider_id`, `title`, `icon`, `description`, `endpoint`, `request_path`, `model_name`, `api_key`, `extra_config`, `options`, `group_name`, `model_type`, `with_used`, `support_thinking`, `support_tool`, `support_image`, `support_image_b64_only`, `support_video`, `support_audio`, `support_free`) VALUES (359251651388919808, 1, 1000000, 359111228158771200, 'GPT-4.1', NULL, NULL, NULL, NULL, 'GPT-4.1', NULL, NULL, '{\"rerankPath\":\"\",\"chatPath\":\"\",\"llmEndpoint\":\"\",\"embedPath\":\"\"}', 'GPT系列', 'chatModel', 1, 0, 0, NULL, NULL, NULL, NULL, 0);
INSERT INTO `tb_model` (`id`, `dept_id`, `tenant_id`, `provider_id`, `title`, `icon`, `description`, `endpoint`, `request_path`, `model_name`, `api_key`, `extra_config`, `options`, `group_name`, `model_type`, `with_used`, `support_thinking`, `support_tool`, `support_image`, `support_image_b64_only`, `support_video`, `support_audio`, `support_free`) VALUES (359251703859662848, 1, 1000000, 359111228158771200, 'GPT-4o', NULL, NULL, NULL, NULL, 'GPT-4o', NULL, NULL, '{\"rerankPath\":\"\",\"chatPath\":\"\",\"llmEndpoint\":\"\",\"embedPath\":\"\"}', 'GPT系列', 'chatModel', 1, 0, 0, NULL, NULL, NULL, NULL, 0);
INSERT INTO `tb_model` (`id`, `dept_id`, `tenant_id`, `provider_id`, `title`, `icon`, `description`, `endpoint`, `request_path`, `model_name`, `api_key`, `extra_config`, `options`, `group_name`, `model_type`, `with_used`, `support_thinking`, `support_tool`, `support_image`, `support_image_b64_only`, `support_video`, `support_audio`, `support_free`) VALUES (359251899029016576, 1, 1000000, 359111228158771200, 'text-embedding-3-small', NULL, NULL, NULL, NULL, 'text-embedding-3-small', NULL, NULL, '{\"rerankPath\":\"\",\"chatPath\":\"\",\"llmEndpoint\":\"\",\"embedPath\":\"\"}', 'Embedding', 'embeddingModel', 1, 0, 0, NULL, NULL, NULL, NULL, 0);
INSERT INTO `tb_model` (`id`, `dept_id`, `tenant_id`, `provider_id`, `title`, `icon`, `description`, `endpoint`, `request_path`, `model_name`, `api_key`, `extra_config`, `options`, `group_name`, `model_type`, `with_used`, `support_thinking`, `support_tool`, `support_image`, `support_image_b64_only`, `support_video`, `support_audio`, `support_free`) VALUES (359251948844765184, 1, 1000000, 359111228158771200, 'text-embedding-3-large', NULL, NULL, NULL, NULL, 'text-embedding-3-large', NULL, NULL, '{\"rerankPath\":\"\",\"chatPath\":\"\",\"llmEndpoint\":\"\",\"embedPath\":\"\"}', 'Embedding', 'embeddingModel', 1, 0, 0, NULL, NULL, NULL, NULL, 0);
INSERT INTO `tb_model` (`id`, `dept_id`, `tenant_id`, `provider_id`, `title`, `icon`, `description`, `endpoint`, `request_path`, `model_name`, `api_key`, `extra_config`, `options`, `group_name`, `model_type`, `with_used`, `support_thinking`, `support_tool`, `support_image`, `support_image_b64_only`, `support_video`, `support_audio`, `support_free`) VALUES (359252007019761664, 1, 1000000, 359111228158771200, 'text-embedding-ada-002', NULL, NULL, NULL, NULL, 'text-embedding-ada-002', NULL, NULL, '{\"rerankPath\":\"\",\"chatPath\":\"\",\"llmEndpoint\":\"\",\"embedPath\":\"\"}', 'Embedding', 'embeddingModel', 1, 0, 0, NULL, NULL, NULL, NULL, 0);
INSERT INTO `tb_model` (`id`, `dept_id`, `tenant_id`, `provider_id`, `title`, `icon`, `description`, `endpoint`, `request_path`, `model_name`, `api_key`, `extra_config`, `options`, `group_name`, `model_type`, `with_used`, `support_thinking`, `support_tool`, `support_image`, `support_image_b64_only`, `support_video`, `support_audio`, `support_free`) VALUES (359252333504385024, 1, 1000000, 359110667376132096, 'DeepSeek-R1', NULL, NULL, NULL, NULL, 'deepseek-ai/DeepSeek-R1', NULL, NULL, '{\"rerankPath\":\"\",\"chatPath\":\"\",\"llmEndpoint\":\"\",\"embedPath\":\"\"}', 'DeepSeek', 'chatModel', 1, 0, 0, NULL, NULL, NULL, NULL, 0);
INSERT INTO `tb_model` (`id`, `dept_id`, `tenant_id`, `provider_id`, `title`, `icon`, `description`, `endpoint`, `request_path`, `model_name`, `api_key`, `extra_config`, `options`, `group_name`, `model_type`, `with_used`, `support_thinking`, `support_tool`, `support_image`, `support_image_b64_only`, `support_video`, `support_audio`, `support_free`) VALUES (359252410297896960, 1, 1000000, 359110667376132096, 'DeepSeek-V3', NULL, NULL, NULL, NULL, 'deepseek-ai/DeepSeek-V3', NULL, NULL, '{\"rerankPath\":\"\",\"chatPath\":\"\",\"llmEndpoint\":\"\",\"embedPath\":\"\"}', 'DeepSeek', 'chatModel', 1, 0, 0, NULL, NULL, NULL, NULL, 0);
INSERT INTO `tb_model` (`id`, `dept_id`, `tenant_id`, `provider_id`, `title`, `icon`, `description`, `endpoint`, `request_path`, `model_name`, `api_key`, `extra_config`, `options`, `group_name`, `model_type`, `with_used`, `support_thinking`, `support_tool`, `support_image`, `support_image_b64_only`, `support_video`, `support_audio`, `support_free`) VALUES (359252901950017536, 1, 1000000, 359110667376132096, 'QwenLong-L1-32B', NULL, NULL, NULL, NULL, 'Tongyi-Zhiwen/QwenLong-L1-32B', NULL, NULL, '{\"rerankPath\":\"\",\"chatPath\":\"\",\"llmEndpoint\":\"\",\"embedPath\":\"\"}', 'Qwen', 'chatModel', 1, 0, 0, NULL, NULL, NULL, NULL, 0);
INSERT INTO `tb_model` (`id`, `dept_id`, `tenant_id`, `provider_id`, `title`, `icon`, `description`, `endpoint`, `request_path`, `model_name`, `api_key`, `extra_config`, `options`, `group_name`, `model_type`, `with_used`, `support_thinking`, `support_tool`, `support_image`, `support_image_b64_only`, `support_video`, `support_audio`, `support_free`) VALUES (359253108129419264, 1, 1000000, 359110667376132096, 'Qwen3-30B-A3B', NULL, NULL, NULL, NULL, 'Qwen/Qwen3-30B-A3B', NULL, NULL, '{\"rerankPath\":\"\",\"chatPath\":\"\",\"llmEndpoint\":\"\",\"embedPath\":\"\"}', 'Qwen', 'chatModel', 1, 0, 0, NULL, NULL, NULL, NULL, 0);
INSERT INTO `tb_model` (`id`, `dept_id`, `tenant_id`, `provider_id`, `title`, `icon`, `description`, `endpoint`, `request_path`, `model_name`, `api_key`, `extra_config`, `options`, `group_name`, `model_type`, `with_used`, `support_thinking`, `support_tool`, `support_image`, `support_image_b64_only`, `support_video`, `support_audio`, `support_free`) VALUES (359253178463703040, 1, 1000000, 359110667376132096, 'Qwen3-32B', NULL, NULL, NULL, NULL, 'Qwen/Qwen3-32B', NULL, NULL, '{\"rerankPath\":\"\",\"chatPath\":\"\",\"llmEndpoint\":\"\",\"embedPath\":\"\"}', 'Qwen', 'chatModel', 1, 0, 0, NULL, NULL, NULL, NULL, 0);
INSERT INTO `tb_model` (`id`, `dept_id`, `tenant_id`, `provider_id`, `title`, `icon`, `description`, `endpoint`, `request_path`, `model_name`, `api_key`, `extra_config`, `options`, `group_name`, `model_type`, `with_used`, `support_thinking`, `support_tool`, `support_image`, `support_image_b64_only`, `support_video`, `support_audio`, `support_free`) VALUES (359253290258681856, 1, 1000000, 359110667376132096, 'Qwen2.5-VL-32B-Instruct', NULL, NULL, NULL, NULL, 'Qwen/Qwen2.5-VL-32B-Instruct', NULL, NULL, '{\"rerankPath\":\"\",\"chatPath\":\"\",\"llmEndpoint\":\"\",\"embedPath\":\"\"}', 'Qwen', 'chatModel', 1, 0, 0, NULL, NULL, NULL, NULL, 0);
INSERT INTO `tb_model` (`id`, `dept_id`, `tenant_id`, `provider_id`, `title`, `icon`, `description`, `endpoint`, `request_path`, `model_name`, `api_key`, `extra_config`, `options`, `group_name`, `model_type`, `with_used`, `support_thinking`, `support_tool`, `support_image`, `support_image_b64_only`, `support_video`, `support_audio`, `support_free`) VALUES (359253356990058496, 1, 1000000, 359110667376132096, 'Qwen2.5-VL-72B-Instruct', NULL, NULL, NULL, NULL, 'Qwen/Qwen2.5-VL-72B-Instruct', NULL, NULL, '{\"rerankPath\":\"\",\"chatPath\":\"\",\"llmEndpoint\":\"\",\"embedPath\":\"\"}', 'Qwen', 'chatModel', 1, 0, 0, NULL, NULL, NULL, NULL, 0);
INSERT INTO `tb_model` (`id`, `dept_id`, `tenant_id`, `provider_id`, `title`, `icon`, `description`, `endpoint`, `request_path`, `model_name`, `api_key`, `extra_config`, `options`, `group_name`, `model_type`, `with_used`, `support_thinking`, `support_tool`, `support_image`, `support_image_b64_only`, `support_video`, `support_audio`, `support_free`) VALUES (359253448664961024, 1, 1000000, 359110667376132096, 'deepseek-vl2', NULL, NULL, NULL, NULL, 'deepseek-ai/deepseek-vl2', NULL, NULL, '{\"rerankPath\":\"\",\"chatPath\":\"\",\"llmEndpoint\":\"\",\"embedPath\":\"\"}', 'DeepSeek', 'chatModel', 1, 0, 0, NULL, NULL, NULL, NULL, 0);
INSERT INTO `tb_model` (`id`, `dept_id`, `tenant_id`, `provider_id`, `title`, `icon`, `description`, `endpoint`, `request_path`, `model_name`, `api_key`, `extra_config`, `options`, `group_name`, `model_type`, `with_used`, `support_thinking`, `support_tool`, `support_image`, `support_image_b64_only`, `support_video`, `support_audio`, `support_free`) VALUES (359253538523729920, 1, 1000000, 359110667376132096, 'Qwen3-Embedding-8B', NULL, NULL, NULL, NULL, 'Qwen/Qwen3-Embedding-8B', NULL, NULL, '{\"rerankPath\":\"\",\"chatPath\":\"\",\"llmEndpoint\":\"\",\"embedPath\":\"\"}', 'Qwen', 'embeddingModel', 1, 0, 0, NULL, NULL, NULL, NULL, 0);
INSERT INTO `tb_model` (`id`, `dept_id`, `tenant_id`, `provider_id`, `title`, `icon`, `description`, `endpoint`, `request_path`, `model_name`, `api_key`, `extra_config`, `options`, `group_name`, `model_type`, `with_used`, `support_thinking`, `support_tool`, `support_image`, `support_image_b64_only`, `support_video`, `support_audio`, `support_free`) VALUES (359253610657370112, 1, 1000000, 359110667376132096, 'Qwen3-Embedding-4B', NULL, NULL, NULL, NULL, 'Qwen/Qwen3-Embedding-4B', NULL, NULL, '{\"rerankPath\":\"\",\"chatPath\":\"\",\"llmEndpoint\":\"\",\"embedPath\":\"\"}', 'Qwen', 'embeddingModel', 1, 0, 0, NULL, NULL, NULL, NULL, 0);
INSERT INTO `tb_model` (`id`, `dept_id`, `tenant_id`, `provider_id`, `title`, `icon`, `description`, `endpoint`, `request_path`, `model_name`, `api_key`, `extra_config`, `options`, `group_name`, `model_type`, `with_used`, `support_thinking`, `support_tool`, `support_image`, `support_image_b64_only`, `support_video`, `support_audio`, `support_free`) VALUES (359253918280208384, 1, 1000000, 359110667376132096, 'bge-m3', NULL, NULL, NULL, NULL, 'BAAI/bge-m3', NULL, NULL, '{\"rerankPath\":\"\",\"chatPath\":\"\",\"llmEndpoint\":\"\",\"embedPath\":\"\"}', 'BAAI', 'embeddingModel', 1, 0, 0, NULL, NULL, NULL, NULL, 0);
INSERT INTO `tb_model` (`id`, `dept_id`, `tenant_id`, `provider_id`, `title`, `icon`, `description`, `endpoint`, `request_path`, `model_name`, `api_key`, `extra_config`, `options`, `group_name`, `model_type`, `with_used`, `support_thinking`, `support_tool`, `support_image`, `support_image_b64_only`, `support_video`, `support_audio`, `support_free`) VALUES (359254052095283200, 1, 1000000, 359110667376132096, 'bce-embedding-base_v1', NULL, NULL, NULL, NULL, 'netease-youdao/bce-embedding-base_v1', NULL, NULL, '{\"rerankPath\":\"\",\"chatPath\":\"\",\"llmEndpoint\":\"\",\"embedPath\":\"\"}', 'Netease-youdao', 'embeddingModel', 1, 0, 0, NULL, NULL, NULL, NULL, 0);
INSERT INTO `tb_model` (`id`, `dept_id`, `tenant_id`, `provider_id`, `title`, `icon`, `description`, `endpoint`, `request_path`, `model_name`, `api_key`, `extra_config`, `options`, `group_name`, `model_type`, `with_used`, `support_thinking`, `support_tool`, `support_image`, `support_image_b64_only`, `support_video`, `support_audio`, `support_free`) VALUES (359254268492009472, 1, 1000000, 359110565693620224, 'doubao-seed-1.6', NULL, NULL, NULL, NULL, 'doubao-seed-1-6-250615', NULL, NULL, '{\"rerankPath\":\"\",\"chatPath\":\"\",\"llmEndpoint\":\"\",\"embedPath\":\"\"}', 'Doubao', 'chatModel', 1, 0, 0, NULL, NULL, NULL, NULL, 0);
INSERT INTO `tb_model` (`id`, `dept_id`, `tenant_id`, `provider_id`, `title`, `icon`, `description`, `endpoint`, `request_path`, `model_name`, `api_key`, `extra_config`, `options`, `group_name`, `model_type`, `with_used`, `support_thinking`, `support_tool`, `support_image`, `support_image_b64_only`, `support_video`, `support_audio`, `support_free`) VALUES (359254341498064896, 1, 1000000, 359110565693620224, 'doubao-seed-1.6-flash', NULL, NULL, NULL, NULL, 'doubao-seed-1-6-flash-250615', NULL, NULL, '{\"rerankPath\":\"\",\"chatPath\":\"\",\"llmEndpoint\":\"\",\"embedPath\":\"\"}', 'Doubao', 'chatModel', 1, 0, 0, NULL, NULL, NULL, NULL, 0);
INSERT INTO `tb_model` (`id`, `dept_id`, `tenant_id`, `provider_id`, `title`, `icon`, `description`, `endpoint`, `request_path`, `model_name`, `api_key`, `extra_config`, `options`, `group_name`, `model_type`, `with_used`, `support_thinking`, `support_tool`, `support_image`, `support_image_b64_only`, `support_video`, `support_audio`, `support_free`) VALUES (359254465049677824, 1, 1000000, 359110565693620224, 'doubao-seed-1.6-thinking', NULL, NULL, NULL, NULL, 'doubao-seed-1-6-thinking-250715', NULL, NULL, '{\"rerankPath\":\"\",\"chatPath\":\"\",\"llmEndpoint\":\"\",\"embedPath\":\"\"}', 'Doubao', 'chatModel', 1, 0, 0, NULL, NULL, NULL, NULL, 0);
INSERT INTO `tb_model` (`id`, `dept_id`, `tenant_id`, `provider_id`, `title`, `icon`, `description`, `endpoint`, `request_path`, `model_name`, `api_key`, `extra_config`, `options`, `group_name`, `model_type`, `with_used`, `support_thinking`, `support_tool`, `support_image`, `support_image_b64_only`, `support_video`, `support_audio`, `support_free`) VALUES (359254550235992064, 1, 1000000, 359110565693620224, 'deepseek-r1', NULL, NULL, NULL, NULL, 'deepseek-r1-250528', NULL, NULL, '{\"rerankPath\":\"\",\"chatPath\":\"\",\"llmEndpoint\":\"\",\"embedPath\":\"\"}', 'DeepSeek', 'chatModel', 1, 0, 0, NULL, NULL, NULL, NULL, 0);
INSERT INTO `tb_model` (`id`, `dept_id`, `tenant_id`, `provider_id`, `title`, `icon`, `description`, `endpoint`, `request_path`, `model_name`, `api_key`, `extra_config`, `options`, `group_name`, `model_type`, `with_used`, `support_thinking`, `support_tool`, `support_image`, `support_image_b64_only`, `support_video`, `support_audio`, `support_free`) VALUES (359255963729022976, 1, 1000000, 359110640402563072, 'Spark Max', NULL, NULL, NULL, NULL, 'generalv3.5', NULL, NULL, '{\"rerankPath\":\"\",\"chatPath\":\"\",\"llmEndpoint\":\"\",\"embedPath\":\"\"}', 'Spark', 'chatModel', 1, 0, 0, NULL, NULL, NULL, NULL, 0);
INSERT INTO `tb_model` (`id`, `dept_id`, `tenant_id`, `provider_id`, `title`, `icon`, `description`, `endpoint`, `request_path`, `model_name`, `api_key`, `extra_config`, `options`, `group_name`, `model_type`, `with_used`, `support_thinking`, `support_tool`, `support_image`, `support_image_b64_only`, `support_video`, `support_audio`, `support_free`) VALUES (359256036009463808, 1, 1000000, 359110640402563072, 'Spark4.0 Ultra', NULL, NULL, NULL, NULL, '4.0Ultra', NULL, NULL, '{\"rerankPath\":\"\",\"chatPath\":\"\",\"llmEndpoint\":\"\",\"embedPath\":\"\"}', 'Spark', 'chatModel', 1, 0, 0, NULL, NULL, NULL, NULL, 0);
INSERT INTO `tb_model` (`id`, `dept_id`, `tenant_id`, `provider_id`, `title`, `icon`, `description`, `endpoint`, `request_path`, `model_name`, `api_key`, `extra_config`, `options`, `group_name`, `model_type`, `with_used`, `support_thinking`, `support_tool`, `support_image`, `support_image_b64_only`, `support_video`, `support_audio`, `support_free`) VALUES (359256272148779008, 1, 1000000, 359110640402563072, 'Max-32K', NULL, NULL, NULL, NULL, 'max-32k', NULL, NULL, '{\"rerankPath\":\"\",\"chatPath\":\"\",\"llmEndpoint\":\"\",\"embedPath\":\"\"}', 'Spark', 'chatModel', 1, 0, 0, NULL, NULL, NULL, NULL, 0);
INSERT INTO `tb_model` (`id`, `dept_id`, `tenant_id`, `provider_id`, `title`, `icon`, `description`, `endpoint`, `request_path`, `model_name`, `api_key`, `extra_config`, `options`, `group_name`, `model_type`, `with_used`, `support_thinking`, `support_tool`, `support_image`, `support_image_b64_only`, `support_video`, `support_audio`, `support_free`) VALUES (359256472095444992, 1, 1000000, 359110640402563072, 'Spark Pro', NULL, NULL, NULL, NULL, 'generalv3', NULL, NULL, '{\"rerankPath\":\"\",\"chatPath\":\"\",\"llmEndpoint\":\"\",\"embedPath\":\"\"}', 'Spark', 'chatModel', 1, 0, 0, NULL, NULL, NULL, NULL, 0);
INSERT INTO `tb_model` (`id`, `dept_id`, `tenant_id`, `provider_id`, `title`, `icon`, `description`, `endpoint`, `request_path`, `model_name`, `api_key`, `extra_config`, `options`, `group_name`, `model_type`, `with_used`, `support_thinking`, `support_tool`, `support_image`, `support_image_b64_only`, `support_video`, `support_audio`, `support_free`) VALUES (359256641138479104, 1, 1000000, 359110640402563072, 'Spark Pro-128k', NULL, NULL, NULL, NULL, 'pro-128k', NULL, NULL, '{\"rerankPath\":\"\",\"chatPath\":\"\",\"llmEndpoint\":\"\",\"embedPath\":\"\"}', 'Spark', 'chatModel', 1, 0, 0, NULL, NULL, NULL, NULL, 0);
INSERT INTO `tb_model` (`id`, `dept_id`, `tenant_id`, `provider_id`, `title`, `icon`, `description`, `endpoint`, `request_path`, `model_name`, `api_key`, `extra_config`, `options`, `group_name`, `model_type`, `with_used`, `support_thinking`, `support_tool`, `support_image`, `support_image_b64_only`, `support_video`, `support_audio`, `support_free`) VALUES (359498072033816576, 1, 1000000, 359111448204541952, 'text-embedding-v3', NULL, NULL, NULL, NULL, 'text-embedding-v3', NULL, NULL, '{\"rerankPath\":\"\",\"chatPath\":\"\",\"llmEndpoint\":\"\",\"embedPath\":\"\"}', 'Embedding', 'embeddingModel', 1, 0, 0, NULL, NULL, NULL, NULL, 0);
INSERT INTO `tb_model` (`id`, `dept_id`, `tenant_id`, `provider_id`, `title`, `icon`, `description`, `endpoint`, `request_path`, `model_name`, `api_key`, `extra_config`, `options`, `group_name`, `model_type`, `with_used`, `support_thinking`, `support_tool`, `support_image`, `support_image_b64_only`, `support_video`, `support_audio`, `support_free`) VALUES (359536003377258496, 1, 1000000, 358906187162456064, 'Qwen3-Reranker-8B', NULL, NULL, NULL, NULL, 'Qwen3-Reranker-8B', NULL, NULL, '{\"rerankPath\":\"\",\"chatPath\":\"\",\"llmEndpoint\":\"\",\"embedPath\":\"\"}', 'Qwen', 'rerankModel', 1, 0, 0, NULL, NULL, NULL, NULL, 0);

-- ----------------------------
-- Records of tb_sys_option
-- ----------------------------

INSERT INTO `tb_mcp` (`id`, `title`, `description`, `config_json`, `dept_id`, `tenant_id`, `created`, `created_by`, `modified`, `modified_by`, `status`) VALUES (365597368948781056, '测试everything', 'MCP测试功能', '{\n    \"mcpServers\": {\n        \"everything\": {\n            \"command\": \"npx.cmd\",\n            \"args\": [\n                \"-y\",\n                \"@modelcontextprotocol/server-everything\"\n            ]\n        }\n    }\n}', 1, 1000000, '2026-01-06 09:57:07', 1, '2026-01-06 09:57:07', 1, 0);
INSERT INTO `tb_mcp` (`id`, `title`, `description`, `config_json`, `dept_id`, `tenant_id`, `created`, `created_by`, `modified`, `modified_by`, `status`) VALUES (365956218142994432, '12306购票综合查询', '12306购票综合查询', '{\n    \"mcpServers\": {\n        \"12306-mcp\": {\n            \"command\": \"npx.cmd\",\n            \"args\": [\n                \"-y\",\n                \"12306-mcp\"\n            ]\n        }\n    }\n}', 1, 1000000, '2026-01-06 09:56:44', 1, '2026-01-06 09:56:44', 1, 0);
